uri,dc.identifier,collections,notation,prefLabel,altLabel,broader,broaderTransitive,broadMatch,changeNote,closeMatch,definition,editorialNote,exactMatch,example,hiddenLabel,historyNote,inScheme,mappingRelation,note,related,relatedMatch,scopeNote,semanticRelation,topConceptOf
collection:kleur,be.vlaanderen.bodemenondergrond.data.id.collection.kleur.kleur,,,Collectie van kleur.,,,,,,,,,,,,,conceptscheme:kleur,,,,,,,
concept:1,be.vlaanderen.bodemenondergrond.data.id.concept.kleur.1,collection:kleur,1,beige,,,,,,,,,,,,,conceptscheme:kleur,,,,,,,conceptscheme:kleur
concept:86,be.vlaanderen.bodemenondergrond.data.id.concept.kleur.86,collection:kleur,86,beigeblauw,,,,,,,,,,,,,conceptscheme:kleur,,,,,,,conceptscheme:kleur
concept:11,be.vlaanderen.bodemenondergrond.data.id.concept.kleur.11,collection:kleur,11,beigebruin,,,,,,,,,,,,,conceptscheme:kleur,,,,,,,conceptscheme:kleur
concept:87,be.vlaanderen.bodemenondergrond.data.id.concept.kleur.87,collection:kleur,87,beigegeel,,,,,,,,,,,,,conceptscheme:kleur,,,,,,,conceptscheme:kleur
concept:88,be.vlaanderen.bodemenondergrond.data.id.concept.kleur.88,collection:kleur,88,beigegrijs,,,,,,,,,,,,,conceptscheme:kleur,,,,,,,conceptscheme:kleur
concept:89,be.vlaanderen.bodemenondergrond.data.id.concept.kleur.89,collection:kleur,89,beigegroen,,,,,,,,,,,,,conceptscheme:kleur,,,,,,,conceptscheme:kleur
concept:90,be.vlaanderen.bodemenondergrond.data.id.concept.kleur.90,collection:kleur,90,beigekaki,,,,,,,,,,,,,conceptscheme:kleur,,,,,,,conceptscheme:kleur
concept:91,be.vlaanderen.bodemenondergrond.data.id.concept.kleur.91,collection:kleur,91,beigemauve,,,,,,,,,,,,,conceptscheme:kleur,,,,,,,conceptscheme:kleur
concept:92,be.vlaanderen.bodemenondergrond.data.id.concept.kleur.92,collection:kleur,92,beigeoker,,,,,,,,,,,,,conceptscheme:kleur,,,,,,,conceptscheme:kleur
concept:93,be.vlaanderen.bodemenondergrond.data.id.concept.kleur.93,collection:kleur,93,beigeolijfgroen,,,,,,,,,,,,,conceptscheme:kleur,,,,,,,conceptscheme:kleur
concept:94,be.vlaanderen.bodemenondergrond.data.id.concept.kleur.94,collection:kleur,94,beigeoranje,,,,,,,,,,,,,conceptscheme:kleur,,,,,,,conceptscheme:kleur
concept:95,be.vlaanderen.bodemenondergrond.data.id.concept.kleur.95,collection:kleur,95,beigeroest,,,,,,,,,,,,,conceptscheme:kleur,,,,,,,conceptscheme:kleur
concept:96,be.vlaanderen.bodemenondergrond.data.id.concept.kleur.96,collection:kleur,96,beigerood,,,,,,,,,,,,,conceptscheme:kleur,,,,,,,conceptscheme:kleur
concept:97,be.vlaanderen.bodemenondergrond.data.id.concept.kleur.97,collection:kleur,97,beigeroos,,,,,,,,,,,,,conceptscheme:kleur,,,,,,,conceptscheme:kleur
concept:413,be.vlaanderen.bodemenondergrond.data.id.concept.kleur.413,collection:kleur,413,beigewit,,,,,,,,,,,,,conceptscheme:kleur,,,,,,,conceptscheme:kleur
concept:427,be.vlaanderen.bodemenondergrond.data.id.concept.kleur.427,collection:kleur,427,beigezwart,,,,,,,,,,,,,conceptscheme:kleur,,,,,,,conceptscheme:kleur
concept:2,be.vlaanderen.bodemenondergrond.data.id.concept.kleur.2,collection:kleur,2,blauw,,,,,,,,,,,,,conceptscheme:kleur,,,,,,,conceptscheme:kleur
concept:98,be.vlaanderen.bodemenondergrond.data.id.concept.kleur.98,collection:kleur,98,blauwbeige,,,,,,,,,,,,,conceptscheme:kleur,,,,,,,conceptscheme:kleur
concept:99,be.vlaanderen.bodemenondergrond.data.id.concept.kleur.99,collection:kleur,99,blauwbruin,,,,,,,,,,,,,conceptscheme:kleur,,,,,,,conceptscheme:kleur
concept:301,be.vlaanderen.bodemenondergrond.data.id.concept.kleur.301,collection:kleur,301,blauwgeel,,,,,,,,,,,,,conceptscheme:kleur,,,,,,,conceptscheme:kleur
concept:12,be.vlaanderen.bodemenondergrond.data.id.concept.kleur.12,collection:kleur,12,blauwgrijs,,,,,,,,,,,,,conceptscheme:kleur,,,,,,,conceptscheme:kleur
concept:13,be.vlaanderen.bodemenondergrond.data.id.concept.kleur.13,collection:kleur,13,blauwgroen,,,,,,,,,,,,,conceptscheme:kleur,,,,,,,conceptscheme:kleur
concept:302,be.vlaanderen.bodemenondergrond.data.id.concept.kleur.302,collection:kleur,302,blauwkaki,,,,,,,,,,,,,conceptscheme:kleur,,,,,,,conceptscheme:kleur
concept:303,be.vlaanderen.bodemenondergrond.data.id.concept.kleur.303,collection:kleur,303,blauwmauve,,,,,,,,,,,,,conceptscheme:kleur,,,,,,,conceptscheme:kleur
concept:304,be.vlaanderen.bodemenondergrond.data.id.concept.kleur.304,collection:kleur,304,blauwoker,,,,,,,,,,,,,conceptscheme:kleur,,,,,,,conceptscheme:kleur
concept:305,be.vlaanderen.bodemenondergrond.data.id.concept.kleur.305,collection:kleur,305,blauwolijfgroen,,,,,,,,,,,,,conceptscheme:kleur,,,,,,,conceptscheme:kleur
concept:306,be.vlaanderen.bodemenondergrond.data.id.concept.kleur.306,collection:kleur,306,blauworanje,,,,,,,,,,,,,conceptscheme:kleur,,,,,,,conceptscheme:kleur
concept:307,be.vlaanderen.bodemenondergrond.data.id.concept.kleur.307,collection:kleur,307,blauwroest,,,,,,,,,,,,,conceptscheme:kleur,,,,,,,conceptscheme:kleur
concept:308,be.vlaanderen.bodemenondergrond.data.id.concept.kleur.308,collection:kleur,308,blauwrood,,,,,,,,,,,,,conceptscheme:kleur,,,,,,,conceptscheme:kleur
concept:309,be.vlaanderen.bodemenondergrond.data.id.concept.kleur.309,collection:kleur,309,blauwroos,,,,,,,,,,,,,conceptscheme:kleur,,,,,,,conceptscheme:kleur
concept:414,be.vlaanderen.bodemenondergrond.data.id.concept.kleur.414,collection:kleur,414,blauwwit,,,,,,,,,,,,,conceptscheme:kleur,,,,,,,conceptscheme:kleur
concept:428,be.vlaanderen.bodemenondergrond.data.id.concept.kleur.428,collection:kleur,428,blauwzwart,,,,,,,,,,,,,conceptscheme:kleur,,,,,,,conceptscheme:kleur
concept:28,be.vlaanderen.bodemenondergrond.data.id.concept.kleur.28,collection:kleur,28,bleek / ontkleurd,,,,,,,,,,,,,conceptscheme:kleur,,,,,,,conceptscheme:kleur
concept:22,be.vlaanderen.bodemenondergrond.data.id.concept.kleur.22,collection:kleur,22,bontgekleurd,,,,,,,,,,,,,conceptscheme:kleur,,,,,,,conceptscheme:kleur
concept:3,be.vlaanderen.bodemenondergrond.data.id.concept.kleur.3,collection:kleur,3,bruin,,,,,,,,,,,,,conceptscheme:kleur,,,,,,,conceptscheme:kleur
concept:311,be.vlaanderen.bodemenondergrond.data.id.concept.kleur.311,collection:kleur,311,bruinbeige,,,,,,,,,,,,,conceptscheme:kleur,,,,,,,conceptscheme:kleur
concept:310,be.vlaanderen.bodemenondergrond.data.id.concept.kleur.310,collection:kleur,310,bruinblauw,,,,,,,,,,,,,conceptscheme:kleur,,,,,,,conceptscheme:kleur
concept:14,be.vlaanderen.bodemenondergrond.data.id.concept.kleur.14,collection:kleur,14,bruingeel,,,,,,,,,,,,,conceptscheme:kleur,,,,,,,conceptscheme:kleur
concept:15,be.vlaanderen.bodemenondergrond.data.id.concept.kleur.15,collection:kleur,15,bruingrijs,,,,,,,,,,,,,conceptscheme:kleur,,,,,,,conceptscheme:kleur
concept:16,be.vlaanderen.bodemenondergrond.data.id.concept.kleur.16,collection:kleur,16,bruingroen,,,,,,,,,,,,,conceptscheme:kleur,,,,,,,conceptscheme:kleur
concept:312,be.vlaanderen.bodemenondergrond.data.id.concept.kleur.312,collection:kleur,312,bruinkaki,,,,,,,,,,,,,conceptscheme:kleur,,,,,,,conceptscheme:kleur
concept:313,be.vlaanderen.bodemenondergrond.data.id.concept.kleur.313,collection:kleur,313,bruinmauve,,,,,,,,,,,,,conceptscheme:kleur,,,,,,,conceptscheme:kleur
concept:314,be.vlaanderen.bodemenondergrond.data.id.concept.kleur.314,collection:kleur,314,bruinoker,,,,,,,,,,,,,conceptscheme:kleur,,,,,,,conceptscheme:kleur
concept:315,be.vlaanderen.bodemenondergrond.data.id.concept.kleur.315,collection:kleur,315,bruinolijfgroen,,,,,,,,,,,,,conceptscheme:kleur,,,,,,,conceptscheme:kleur
concept:316,be.vlaanderen.bodemenondergrond.data.id.concept.kleur.316,collection:kleur,316,bruinoranje,,,,,,,,,,,,,conceptscheme:kleur,,,,,,,conceptscheme:kleur
concept:317,be.vlaanderen.bodemenondergrond.data.id.concept.kleur.317,collection:kleur,317,bruinroest,,,,,,,,,,,,,conceptscheme:kleur,,,,,,,conceptscheme:kleur
concept:17,be.vlaanderen.bodemenondergrond.data.id.concept.kleur.17,collection:kleur,17,bruinrood,,,,,,,,,,,,,conceptscheme:kleur,,,,,,,conceptscheme:kleur
concept:318,be.vlaanderen.bodemenondergrond.data.id.concept.kleur.318,collection:kleur,318,bruinroos,,,,,,,,,,,,,conceptscheme:kleur,,,,,,,conceptscheme:kleur
concept:415,be.vlaanderen.bodemenondergrond.data.id.concept.kleur.415,collection:kleur,415,bruinwit,,,,,,,,,,,,,conceptscheme:kleur,,,,,,,conceptscheme:kleur
concept:429,be.vlaanderen.bodemenondergrond.data.id.concept.kleur.429,collection:kleur,429,bruinzwart,,,,,,,,,,,,,conceptscheme:kleur,,,,,,,conceptscheme:kleur
concept:201,be.vlaanderen.bodemenondergrond.data.id.concept.kleur.201,collection:kleur,201,donkerbeige,,,,,,,,,,,,,conceptscheme:kleur,,,,,,,conceptscheme:kleur
concept:202,be.vlaanderen.bodemenondergrond.data.id.concept.kleur.202,collection:kleur,202,donkerblauw,,,,,,,,,,,,,conceptscheme:kleur,,,,,,,conceptscheme:kleur
concept:203,be.vlaanderen.bodemenondergrond.data.id.concept.kleur.203,collection:kleur,203,donkerbruin,,,,,,,,,,,,,conceptscheme:kleur,,,,,,,conceptscheme:kleur
concept:204,be.vlaanderen.bodemenondergrond.data.id.concept.kleur.204,collection:kleur,204,donkergeel,,,,,,,,,,,,,conceptscheme:kleur,,,,,,,conceptscheme:kleur
concept:27,be.vlaanderen.bodemenondergrond.data.id.concept.kleur.27,collection:kleur,27,donkergrijs,,,,,,,,,,,,,conceptscheme:kleur,,,,,,,conceptscheme:kleur
concept:206,be.vlaanderen.bodemenondergrond.data.id.concept.kleur.206,collection:kleur,206,donkergroen,,,,,,,,,,,,,conceptscheme:kleur,,,,,,,conceptscheme:kleur
concept:230,be.vlaanderen.bodemenondergrond.data.id.concept.kleur.230,collection:kleur,230,donkerkaki,,,,,,,,,,,,,conceptscheme:kleur,,,,,,,conceptscheme:kleur
concept:223,be.vlaanderen.bodemenondergrond.data.id.concept.kleur.223,collection:kleur,223,donkermauve,,,,,,,,,,,,,conceptscheme:kleur,,,,,,,conceptscheme:kleur
concept:232,be.vlaanderen.bodemenondergrond.data.id.concept.kleur.232,collection:kleur,232,donkeroker,,,,,,,,,,,,,conceptscheme:kleur,,,,,,,conceptscheme:kleur
concept:233,be.vlaanderen.bodemenondergrond.data.id.concept.kleur.233,collection:kleur,233,donkerolijfgroen,,,,,,,,,,,,,conceptscheme:kleur,,,,,,,conceptscheme:kleur
concept:234,be.vlaanderen.bodemenondergrond.data.id.concept.kleur.234,collection:kleur,234,donkeroranje,,,,,,,,,,,,,conceptscheme:kleur,,,,,,,conceptscheme:kleur
concept:207,be.vlaanderen.bodemenondergrond.data.id.concept.kleur.207,collection:kleur,207,donkerroest,,,,,,,,,,,,,conceptscheme:kleur,,,,,,,conceptscheme:kleur
concept:208,be.vlaanderen.bodemenondergrond.data.id.concept.kleur.208,collection:kleur,208,donkerrood,,,,,,,,,,,,,conceptscheme:kleur,,,,,,,conceptscheme:kleur
concept:231,be.vlaanderen.bodemenondergrond.data.id.concept.kleur.231,collection:kleur,231,donkerroos,,,,,,,,,,,,,conceptscheme:kleur,,,,,,,conceptscheme:kleur
concept:443,be.vlaanderen.bodemenondergrond.data.id.concept.kleur.443,collection:kleur,443,donkerwit,,,,,,,,,,,,,conceptscheme:kleur,,,,,,,conceptscheme:kleur
concept:442,be.vlaanderen.bodemenondergrond.data.id.concept.kleur.442,collection:kleur,442,donkerzwart,,,,,,,,,,,,,conceptscheme:kleur,,,,,,,conceptscheme:kleur
concept:4,be.vlaanderen.bodemenondergrond.data.id.concept.kleur.4,collection:kleur,4,geel,,,,,,,,,,,,,conceptscheme:kleur,,,,,,,conceptscheme:kleur
concept:41,be.vlaanderen.bodemenondergrond.data.id.concept.kleur.41,collection:kleur,41,geelbeige,,,,,,,,,,,,,conceptscheme:kleur,,,,,,,conceptscheme:kleur
concept:42,be.vlaanderen.bodemenondergrond.data.id.concept.kleur.42,collection:kleur,42,geelblauw,,,,,,,,,,,,,conceptscheme:kleur,,,,,,,conceptscheme:kleur
concept:24,be.vlaanderen.bodemenondergrond.data.id.concept.kleur.24,collection:kleur,24,geelbruin,,,,,,,,,,,,,conceptscheme:kleur,,,,,,,conceptscheme:kleur
concept:18,be.vlaanderen.bodemenondergrond.data.id.concept.kleur.18,collection:kleur,18,geelgrijs,,,,,,,,,,,,,conceptscheme:kleur,,,,,,,conceptscheme:kleur
concept:19,be.vlaanderen.bodemenondergrond.data.id.concept.kleur.19,collection:kleur,19,geelgroen,,,,,,,,,,,,,conceptscheme:kleur,,,,,,,conceptscheme:kleur
concept:43,be.vlaanderen.bodemenondergrond.data.id.concept.kleur.43,collection:kleur,43,geelkaki,,,,,,,,,,,,,conceptscheme:kleur,,,,,,,conceptscheme:kleur
concept:44,be.vlaanderen.bodemenondergrond.data.id.concept.kleur.44,collection:kleur,44,geelmauve,,,,,,,,,,,,,conceptscheme:kleur,,,,,,,conceptscheme:kleur
concept:45,be.vlaanderen.bodemenondergrond.data.id.concept.kleur.45,collection:kleur,45,geeloker,,,,,,,,,,,,,conceptscheme:kleur,,,,,,,conceptscheme:kleur
concept:46,be.vlaanderen.bodemenondergrond.data.id.concept.kleur.46,collection:kleur,46,geelolijfgroen,,,,,,,,,,,,,conceptscheme:kleur,,,,,,,conceptscheme:kleur
concept:47,be.vlaanderen.bodemenondergrond.data.id.concept.kleur.47,collection:kleur,47,geeloranje,,,,,,,,,,,,,conceptscheme:kleur,,,,,,,conceptscheme:kleur
concept:48,be.vlaanderen.bodemenondergrond.data.id.concept.kleur.48,collection:kleur,48,geelroest,,,,,,,,,,,,,conceptscheme:kleur,,,,,,,conceptscheme:kleur
concept:49,be.vlaanderen.bodemenondergrond.data.id.concept.kleur.49,collection:kleur,49,geelrood,,,,,,,,,,,,,conceptscheme:kleur,,,,,,,conceptscheme:kleur
concept:40,be.vlaanderen.bodemenondergrond.data.id.concept.kleur.40,collection:kleur,40,geelroos,,,,,,,,,,,,,conceptscheme:kleur,,,,,,,conceptscheme:kleur
concept:416,be.vlaanderen.bodemenondergrond.data.id.concept.kleur.416,collection:kleur,416,geelwit,,,,,,,,,,,,,conceptscheme:kleur,,,,,,,conceptscheme:kleur
concept:430,be.vlaanderen.bodemenondergrond.data.id.concept.kleur.430,collection:kleur,430,geelzwart,,,,,,,,,,,,,conceptscheme:kleur,,,,,,,conceptscheme:kleur
concept:5,be.vlaanderen.bodemenondergrond.data.id.concept.kleur.5,collection:kleur,5,grijs,,,,,,,,,,,,,conceptscheme:kleur,,,,,,,conceptscheme:kleur
concept:50,be.vlaanderen.bodemenondergrond.data.id.concept.kleur.50,collection:kleur,50,grijsbeige,,,,,,,,,,,,,conceptscheme:kleur,,,,,,,conceptscheme:kleur
concept:51,be.vlaanderen.bodemenondergrond.data.id.concept.kleur.51,collection:kleur,51,grijsblauw,,,,,,,,,,,,,conceptscheme:kleur,,,,,,,conceptscheme:kleur
concept:52,be.vlaanderen.bodemenondergrond.data.id.concept.kleur.52,collection:kleur,52,grijsbruin,,,,,,,,,,,,,conceptscheme:kleur,,,,,,,conceptscheme:kleur
concept:25,be.vlaanderen.bodemenondergrond.data.id.concept.kleur.25,collection:kleur,25,grijsgeel,,,,,,,,,,,,,conceptscheme:kleur,,,,,,,conceptscheme:kleur
concept:20,be.vlaanderen.bodemenondergrond.data.id.concept.kleur.20,collection:kleur,20,grijsgroen,,,,,,,,,,,,,conceptscheme:kleur,,,,,,,conceptscheme:kleur
concept:53,be.vlaanderen.bodemenondergrond.data.id.concept.kleur.53,collection:kleur,53,grijskaki,,,,,,,,,,,,,conceptscheme:kleur,,,,,,,conceptscheme:kleur
concept:54,be.vlaanderen.bodemenondergrond.data.id.concept.kleur.54,collection:kleur,54,grijsmauve,,,,,,,,,,,,,conceptscheme:kleur,,,,,,,conceptscheme:kleur
concept:55,be.vlaanderen.bodemenondergrond.data.id.concept.kleur.55,collection:kleur,55,grijsoker,,,,,,,,,,,,,conceptscheme:kleur,,,,,,,conceptscheme:kleur
concept:56,be.vlaanderen.bodemenondergrond.data.id.concept.kleur.56,collection:kleur,56,grijsolijfgroen,,,,,,,,,,,,,conceptscheme:kleur,,,,,,,conceptscheme:kleur
concept:57,be.vlaanderen.bodemenondergrond.data.id.concept.kleur.57,collection:kleur,57,grijsoranje,,,,,,,,,,,,,conceptscheme:kleur,,,,,,,conceptscheme:kleur
concept:21,be.vlaanderen.bodemenondergrond.data.id.concept.kleur.21,collection:kleur,21,grijsroest,,,,,,,,,,,,,conceptscheme:kleur,,,,,,,conceptscheme:kleur
concept:58,be.vlaanderen.bodemenondergrond.data.id.concept.kleur.58,collection:kleur,58,grijsrood,,,,,,,,,,,,,conceptscheme:kleur,,,,,,,conceptscheme:kleur
concept:59,be.vlaanderen.bodemenondergrond.data.id.concept.kleur.59,collection:kleur,59,grijsroos,,,,,,,,,,,,,conceptscheme:kleur,,,,,,,conceptscheme:kleur
concept:417,be.vlaanderen.bodemenondergrond.data.id.concept.kleur.417,collection:kleur,417,grijswit,,,,,,,,,,,,,conceptscheme:kleur,,,,,,,conceptscheme:kleur
concept:431,be.vlaanderen.bodemenondergrond.data.id.concept.kleur.431,collection:kleur,431,grijszwart,,,,,,,,,,,,,conceptscheme:kleur,,,,,,,conceptscheme:kleur
concept:6,be.vlaanderen.bodemenondergrond.data.id.concept.kleur.6,collection:kleur,6,groen,,,,,,,,,,,,,conceptscheme:kleur,,,,,,,conceptscheme:kleur
concept:60,be.vlaanderen.bodemenondergrond.data.id.concept.kleur.60,collection:kleur,60,groenbeige,,,,,,,,,,,,,conceptscheme:kleur,,,,,,,conceptscheme:kleur
concept:61,be.vlaanderen.bodemenondergrond.data.id.concept.kleur.61,collection:kleur,61,groenblauw,,,,,,,,,,,,,conceptscheme:kleur,,,,,,,conceptscheme:kleur
concept:62,be.vlaanderen.bodemenondergrond.data.id.concept.kleur.62,collection:kleur,62,groenbruin,,,,,,,,,,,,,conceptscheme:kleur,,,,,,,conceptscheme:kleur
concept:63,be.vlaanderen.bodemenondergrond.data.id.concept.kleur.63,collection:kleur,63,groengeel,,,,,,,,,,,,,conceptscheme:kleur,,,,,,,conceptscheme:kleur
concept:64,be.vlaanderen.bodemenondergrond.data.id.concept.kleur.64,collection:kleur,64,groengrijs,,,,,,,,,,,,,conceptscheme:kleur,,,,,,,conceptscheme:kleur
concept:65,be.vlaanderen.bodemenondergrond.data.id.concept.kleur.65,collection:kleur,65,groenkaki,,,,,,,,,,,,,conceptscheme:kleur,,,,,,,conceptscheme:kleur
concept:66,be.vlaanderen.bodemenondergrond.data.id.concept.kleur.66,collection:kleur,66,groenmauve,,,,,,,,,,,,,conceptscheme:kleur,,,,,,,conceptscheme:kleur
concept:67,be.vlaanderen.bodemenondergrond.data.id.concept.kleur.67,collection:kleur,67,groenoker,,,,,,,,,,,,,conceptscheme:kleur,,,,,,,conceptscheme:kleur
concept:68,be.vlaanderen.bodemenondergrond.data.id.concept.kleur.68,collection:kleur,68,groenolijfgroen,,,,,,,,,,,,,conceptscheme:kleur,,,,,,,conceptscheme:kleur
concept:69,be.vlaanderen.bodemenondergrond.data.id.concept.kleur.69,collection:kleur,69,groenoranje,,,,,,,,,,,,,conceptscheme:kleur,,,,,,,conceptscheme:kleur
concept:70,be.vlaanderen.bodemenondergrond.data.id.concept.kleur.70,collection:kleur,70,groenroest,,,,,,,,,,,,,conceptscheme:kleur,,,,,,,conceptscheme:kleur
concept:71,be.vlaanderen.bodemenondergrond.data.id.concept.kleur.71,collection:kleur,71,groenrood,,,,,,,,,,,,,conceptscheme:kleur,,,,,,,conceptscheme:kleur
concept:72,be.vlaanderen.bodemenondergrond.data.id.concept.kleur.72,collection:kleur,72,groenroos,,,,,,,,,,,,,conceptscheme:kleur,,,,,,,conceptscheme:kleur
concept:418,be.vlaanderen.bodemenondergrond.data.id.concept.kleur.418,collection:kleur,418,groenwit,,,,,,,,,,,,,conceptscheme:kleur,,,,,,,conceptscheme:kleur
concept:432,be.vlaanderen.bodemenondergrond.data.id.concept.kleur.432,collection:kleur,432,groenzwart,,,,,,,,,,,,,conceptscheme:kleur,,,,,,,conceptscheme:kleur
concept:30,be.vlaanderen.bodemenondergrond.data.id.concept.kleur.30,collection:kleur,30,kaki,,,,,,,,,,,,,conceptscheme:kleur,,,,,,,conceptscheme:kleur
concept:73,be.vlaanderen.bodemenondergrond.data.id.concept.kleur.73,collection:kleur,73,kakibeige,,,,,,,,,,,,,conceptscheme:kleur,,,,,,,conceptscheme:kleur
concept:74,be.vlaanderen.bodemenondergrond.data.id.concept.kleur.74,collection:kleur,74,kakiblauw,,,,,,,,,,,,,conceptscheme:kleur,,,,,,,conceptscheme:kleur
concept:75,be.vlaanderen.bodemenondergrond.data.id.concept.kleur.75,collection:kleur,75,kakibruin,,,,,,,,,,,,,conceptscheme:kleur,,,,,,,conceptscheme:kleur
concept:76,be.vlaanderen.bodemenondergrond.data.id.concept.kleur.76,collection:kleur,76,kakigeel,,,,,,,,,,,,,conceptscheme:kleur,,,,,,,conceptscheme:kleur
concept:77,be.vlaanderen.bodemenondergrond.data.id.concept.kleur.77,collection:kleur,77,kakigrijs,,,,,,,,,,,,,conceptscheme:kleur,,,,,,,conceptscheme:kleur
concept:78,be.vlaanderen.bodemenondergrond.data.id.concept.kleur.78,collection:kleur,78,kakigroen,,,,,,,,,,,,,conceptscheme:kleur,,,,,,,conceptscheme:kleur
concept:79,be.vlaanderen.bodemenondergrond.data.id.concept.kleur.79,collection:kleur,79,kakimauve,,,,,,,,,,,,,conceptscheme:kleur,,,,,,,conceptscheme:kleur
concept:80,be.vlaanderen.bodemenondergrond.data.id.concept.kleur.80,collection:kleur,80,kakioker,,,,,,,,,,,,,conceptscheme:kleur,,,,,,,conceptscheme:kleur
concept:81,be.vlaanderen.bodemenondergrond.data.id.concept.kleur.81,collection:kleur,81,kakiolijfgroen,,,,,,,,,,,,,conceptscheme:kleur,,,,,,,conceptscheme:kleur
concept:82,be.vlaanderen.bodemenondergrond.data.id.concept.kleur.82,collection:kleur,82,kakioranje,,,,,,,,,,,,,conceptscheme:kleur,,,,,,,conceptscheme:kleur
concept:83,be.vlaanderen.bodemenondergrond.data.id.concept.kleur.83,collection:kleur,83,kakiroest,,,,,,,,,,,,,conceptscheme:kleur,,,,,,,conceptscheme:kleur
concept:84,be.vlaanderen.bodemenondergrond.data.id.concept.kleur.84,collection:kleur,84,kakirood,,,,,,,,,,,,,conceptscheme:kleur,,,,,,,conceptscheme:kleur
concept:85,be.vlaanderen.bodemenondergrond.data.id.concept.kleur.85,collection:kleur,85,kakiroos,,,,,,,,,,,,,conceptscheme:kleur,,,,,,,conceptscheme:kleur
concept:419,be.vlaanderen.bodemenondergrond.data.id.concept.kleur.419,collection:kleur,419,kakiwit,,,,,,,,,,,,,conceptscheme:kleur,,,,,,,conceptscheme:kleur
concept:433,be.vlaanderen.bodemenondergrond.data.id.concept.kleur.433,collection:kleur,433,kakizwart,,,,,,,,,,,,,conceptscheme:kleur,,,,,,,conceptscheme:kleur
concept:101,be.vlaanderen.bodemenondergrond.data.id.concept.kleur.101,collection:kleur,101,lichtbeige,,,,,,,,,,,,,conceptscheme:kleur,,,,,,,conceptscheme:kleur
concept:102,be.vlaanderen.bodemenondergrond.data.id.concept.kleur.102,collection:kleur,102,lichtblauw,,,,,,,,,,,,,conceptscheme:kleur,,,,,,,conceptscheme:kleur
concept:103,be.vlaanderen.bodemenondergrond.data.id.concept.kleur.103,collection:kleur,103,lichtbruin,,,,,,,,,,,,,conceptscheme:kleur,,,,,,,conceptscheme:kleur
concept:104,be.vlaanderen.bodemenondergrond.data.id.concept.kleur.104,collection:kleur,104,lichtgeel,,,,,,,,,,,,,conceptscheme:kleur,,,,,,,conceptscheme:kleur
concept:105,be.vlaanderen.bodemenondergrond.data.id.concept.kleur.105,collection:kleur,105,lichtgrijs,,,,,,,,,,,,,conceptscheme:kleur,,,,,,,conceptscheme:kleur
concept:106,be.vlaanderen.bodemenondergrond.data.id.concept.kleur.106,collection:kleur,106,lichtgroen,,,,,,,,,,,,,conceptscheme:kleur,,,,,,,conceptscheme:kleur
concept:130,be.vlaanderen.bodemenondergrond.data.id.concept.kleur.130,collection:kleur,130,lichtkaki,,,,,,,,,,,,,conceptscheme:kleur,,,,,,,conceptscheme:kleur
concept:123,be.vlaanderen.bodemenondergrond.data.id.concept.kleur.123,collection:kleur,123,lichtmauve,,,,,,,,,,,,,conceptscheme:kleur,,,,,,,conceptscheme:kleur
concept:132,be.vlaanderen.bodemenondergrond.data.id.concept.kleur.132,collection:kleur,132,lichtoker,,,,,,,,,,,,,conceptscheme:kleur,,,,,,,conceptscheme:kleur
concept:133,be.vlaanderen.bodemenondergrond.data.id.concept.kleur.133,collection:kleur,133,lichtolijfgroen,,,,,,,,,,,,,conceptscheme:kleur,,,,,,,conceptscheme:kleur
concept:134,be.vlaanderen.bodemenondergrond.data.id.concept.kleur.134,collection:kleur,134,lichtoranje,,,,,,,,,,,,,conceptscheme:kleur,,,,,,,conceptscheme:kleur
concept:107,be.vlaanderen.bodemenondergrond.data.id.concept.kleur.107,collection:kleur,107,lichtroest,,,,,,,,,,,,,conceptscheme:kleur,,,,,,,conceptscheme:kleur
concept:108,be.vlaanderen.bodemenondergrond.data.id.concept.kleur.108,collection:kleur,108,lichtrood,,,,,,,,,,,,,conceptscheme:kleur,,,,,,,conceptscheme:kleur
concept:473,be.vlaanderen.bodemenondergrond.data.id.concept.kleur.473,collection:kleur,473,lichtrood / roos,,,,,,,,,,,,,conceptscheme:kleur,,,,,,,conceptscheme:kleur
concept:131,be.vlaanderen.bodemenondergrond.data.id.concept.kleur.131,collection:kleur,131,lichtroos,,,,,,,,,,,,,conceptscheme:kleur,,,,,,,conceptscheme:kleur
concept:441,be.vlaanderen.bodemenondergrond.data.id.concept.kleur.441,collection:kleur,441,lichtwit,,,,,,,,,,,,,conceptscheme:kleur,,,,,,,conceptscheme:kleur
concept:440,be.vlaanderen.bodemenondergrond.data.id.concept.kleur.440,collection:kleur,440,lichtzwart,,,,,,,,,,,,,conceptscheme:kleur,,,,,,,conceptscheme:kleur
concept:23,be.vlaanderen.bodemenondergrond.data.id.concept.kleur.23,collection:kleur,23,mauve,,,,,,,,,,,,,conceptscheme:kleur,,,,,,,conceptscheme:kleur
concept:319,be.vlaanderen.bodemenondergrond.data.id.concept.kleur.319,collection:kleur,319,mauvebeige,,,,,,,,,,,,,conceptscheme:kleur,,,,,,,conceptscheme:kleur
concept:320,be.vlaanderen.bodemenondergrond.data.id.concept.kleur.320,collection:kleur,320,mauveblauw,,,,,,,,,,,,,conceptscheme:kleur,,,,,,,conceptscheme:kleur
concept:321,be.vlaanderen.bodemenondergrond.data.id.concept.kleur.321,collection:kleur,321,mauvebruin,,,,,,,,,,,,,conceptscheme:kleur,,,,,,,conceptscheme:kleur
concept:322,be.vlaanderen.bodemenondergrond.data.id.concept.kleur.322,collection:kleur,322,mauvegeel,,,,,,,,,,,,,conceptscheme:kleur,,,,,,,conceptscheme:kleur
concept:323,be.vlaanderen.bodemenondergrond.data.id.concept.kleur.323,collection:kleur,323,mauvegrijs,,,,,,,,,,,,,conceptscheme:kleur,,,,,,,conceptscheme:kleur
concept:324,be.vlaanderen.bodemenondergrond.data.id.concept.kleur.324,collection:kleur,324,mauvegroen,,,,,,,,,,,,,conceptscheme:kleur,,,,,,,conceptscheme:kleur
concept:325,be.vlaanderen.bodemenondergrond.data.id.concept.kleur.325,collection:kleur,325,mauvekaki,,,,,,,,,,,,,conceptscheme:kleur,,,,,,,conceptscheme:kleur
concept:326,be.vlaanderen.bodemenondergrond.data.id.concept.kleur.326,collection:kleur,326,mauveoker,,,,,,,,,,,,,conceptscheme:kleur,,,,,,,conceptscheme:kleur
concept:327,be.vlaanderen.bodemenondergrond.data.id.concept.kleur.327,collection:kleur,327,mauveolijfgroen,,,,,,,,,,,,,conceptscheme:kleur,,,,,,,conceptscheme:kleur
concept:328,be.vlaanderen.bodemenondergrond.data.id.concept.kleur.328,collection:kleur,328,mauveoranje,,,,,,,,,,,,,conceptscheme:kleur,,,,,,,conceptscheme:kleur
concept:329,be.vlaanderen.bodemenondergrond.data.id.concept.kleur.329,collection:kleur,329,mauveroest,,,,,,,,,,,,,conceptscheme:kleur,,,,,,,conceptscheme:kleur
concept:330,be.vlaanderen.bodemenondergrond.data.id.concept.kleur.330,collection:kleur,330,mauverood,,,,,,,,,,,,,conceptscheme:kleur,,,,,,,conceptscheme:kleur
concept:331,be.vlaanderen.bodemenondergrond.data.id.concept.kleur.331,collection:kleur,331,mauveroos,,,,,,,,,,,,,conceptscheme:kleur,,,,,,,conceptscheme:kleur
concept:420,be.vlaanderen.bodemenondergrond.data.id.concept.kleur.420,collection:kleur,420,mauvewit,,,,,,,,,,,,,conceptscheme:kleur,,,,,,,conceptscheme:kleur
concept:434,be.vlaanderen.bodemenondergrond.data.id.concept.kleur.434,collection:kleur,434,mauvezwart,,,,,,,,,,,,,conceptscheme:kleur,,,,,,,conceptscheme:kleur
concept:32,be.vlaanderen.bodemenondergrond.data.id.concept.kleur.32,collection:kleur,32,oker,,,,,,,,,,,,,conceptscheme:kleur,,,,,,,conceptscheme:kleur
concept:332,be.vlaanderen.bodemenondergrond.data.id.concept.kleur.332,collection:kleur,332,okerbeige,,,,,,,,,,,,,conceptscheme:kleur,,,,,,,conceptscheme:kleur
concept:333,be.vlaanderen.bodemenondergrond.data.id.concept.kleur.333,collection:kleur,333,okerblauw,,,,,,,,,,,,,conceptscheme:kleur,,,,,,,conceptscheme:kleur
concept:334,be.vlaanderen.bodemenondergrond.data.id.concept.kleur.334,collection:kleur,334,okerbruin,,,,,,,,,,,,,conceptscheme:kleur,,,,,,,conceptscheme:kleur
concept:335,be.vlaanderen.bodemenondergrond.data.id.concept.kleur.335,collection:kleur,335,okergeel,,,,,,,,,,,,,conceptscheme:kleur,,,,,,,conceptscheme:kleur
concept:336,be.vlaanderen.bodemenondergrond.data.id.concept.kleur.336,collection:kleur,336,okergrijs,,,,,,,,,,,,,conceptscheme:kleur,,,,,,,conceptscheme:kleur
concept:337,be.vlaanderen.bodemenondergrond.data.id.concept.kleur.337,collection:kleur,337,okergroen,,,,,,,,,,,,,conceptscheme:kleur,,,,,,,conceptscheme:kleur
concept:338,be.vlaanderen.bodemenondergrond.data.id.concept.kleur.338,collection:kleur,338,okerkaki,,,,,,,,,,,,,conceptscheme:kleur,,,,,,,conceptscheme:kleur
concept:339,be.vlaanderen.bodemenondergrond.data.id.concept.kleur.339,collection:kleur,339,okermauve,,,,,,,,,,,,,conceptscheme:kleur,,,,,,,conceptscheme:kleur
concept:340,be.vlaanderen.bodemenondergrond.data.id.concept.kleur.340,collection:kleur,340,okerolijfgroen,,,,,,,,,,,,,conceptscheme:kleur,,,,,,,conceptscheme:kleur
concept:341,be.vlaanderen.bodemenondergrond.data.id.concept.kleur.341,collection:kleur,341,okeroranje,,,,,,,,,,,,,conceptscheme:kleur,,,,,,,conceptscheme:kleur
concept:342,be.vlaanderen.bodemenondergrond.data.id.concept.kleur.342,collection:kleur,342,okerroest,,,,,,,,,,,,,conceptscheme:kleur,,,,,,,conceptscheme:kleur
concept:343,be.vlaanderen.bodemenondergrond.data.id.concept.kleur.343,collection:kleur,343,okerrood,,,,,,,,,,,,,conceptscheme:kleur,,,,,,,conceptscheme:kleur
concept:344,be.vlaanderen.bodemenondergrond.data.id.concept.kleur.344,collection:kleur,344,okerroos,,,,,,,,,,,,,conceptscheme:kleur,,,,,,,conceptscheme:kleur
concept:421,be.vlaanderen.bodemenondergrond.data.id.concept.kleur.421,collection:kleur,421,okerwit,,,,,,,,,,,,,conceptscheme:kleur,,,,,,,conceptscheme:kleur
concept:435,be.vlaanderen.bodemenondergrond.data.id.concept.kleur.435,collection:kleur,435,okerzwart,,,,,,,,,,,,,conceptscheme:kleur,,,,,,,conceptscheme:kleur
concept:33,be.vlaanderen.bodemenondergrond.data.id.concept.kleur.33,collection:kleur,33,olijfgroen,,,,,,,,,,,,,conceptscheme:kleur,,,,,,,conceptscheme:kleur
concept:345,be.vlaanderen.bodemenondergrond.data.id.concept.kleur.345,collection:kleur,345,olijfgroenbeige,,,,,,,,,,,,,conceptscheme:kleur,,,,,,,conceptscheme:kleur
concept:346,be.vlaanderen.bodemenondergrond.data.id.concept.kleur.346,collection:kleur,346,olijfgroenblauw,,,,,,,,,,,,,conceptscheme:kleur,,,,,,,conceptscheme:kleur
concept:347,be.vlaanderen.bodemenondergrond.data.id.concept.kleur.347,collection:kleur,347,olijfgroenbruin,,,,,,,,,,,,,conceptscheme:kleur,,,,,,,conceptscheme:kleur
concept:348,be.vlaanderen.bodemenondergrond.data.id.concept.kleur.348,collection:kleur,348,olijfgroengeel,,,,,,,,,,,,,conceptscheme:kleur,,,,,,,conceptscheme:kleur
concept:349,be.vlaanderen.bodemenondergrond.data.id.concept.kleur.349,collection:kleur,349,olijfgroengrijs,,,,,,,,,,,,,conceptscheme:kleur,,,,,,,conceptscheme:kleur
concept:350,be.vlaanderen.bodemenondergrond.data.id.concept.kleur.350,collection:kleur,350,olijfgroengroen,,,,,,,,,,,,,conceptscheme:kleur,,,,,,,conceptscheme:kleur
concept:351,be.vlaanderen.bodemenondergrond.data.id.concept.kleur.351,collection:kleur,351,olijfgroenkaki,,,,,,,,,,,,,conceptscheme:kleur,,,,,,,conceptscheme:kleur
concept:352,be.vlaanderen.bodemenondergrond.data.id.concept.kleur.352,collection:kleur,352,olijfgroenmauve,,,,,,,,,,,,,conceptscheme:kleur,,,,,,,conceptscheme:kleur
concept:353,be.vlaanderen.bodemenondergrond.data.id.concept.kleur.353,collection:kleur,353,olijfgroenoker,,,,,,,,,,,,,conceptscheme:kleur,,,,,,,conceptscheme:kleur
concept:355,be.vlaanderen.bodemenondergrond.data.id.concept.kleur.355,collection:kleur,355,olijfgroenoranje,,,,,,,,,,,,,conceptscheme:kleur,,,,,,,conceptscheme:kleur
concept:356,be.vlaanderen.bodemenondergrond.data.id.concept.kleur.356,collection:kleur,356,olijfgroenroest,,,,,,,,,,,,,conceptscheme:kleur,,,,,,,conceptscheme:kleur
concept:357,be.vlaanderen.bodemenondergrond.data.id.concept.kleur.357,collection:kleur,357,olijfgroenrood,,,,,,,,,,,,,conceptscheme:kleur,,,,,,,conceptscheme:kleur
concept:358,be.vlaanderen.bodemenondergrond.data.id.concept.kleur.358,collection:kleur,358,olijfgroenroos,,,,,,,,,,,,,conceptscheme:kleur,,,,,,,conceptscheme:kleur
concept:422,be.vlaanderen.bodemenondergrond.data.id.concept.kleur.422,collection:kleur,422,olijfgroenwit,,,,,,,,,,,,,conceptscheme:kleur,,,,,,,conceptscheme:kleur
concept:436,be.vlaanderen.bodemenondergrond.data.id.concept.kleur.436,collection:kleur,436,olijfgroenzwart,,,,,,,,,,,,,conceptscheme:kleur,,,,,,,conceptscheme:kleur
concept:0,be.vlaanderen.bodemenondergrond.data.id.concept.kleur.0,collection:kleur,0,onbekend,,,,,,,,,,,,,conceptscheme:kleur,,,,,,,conceptscheme:kleur
concept:26,be.vlaanderen.bodemenondergrond.data.id.concept.kleur.26,collection:kleur,26,onbepaald,,,,,,,,,,,,,conceptscheme:kleur,,,,,,,conceptscheme:kleur
concept:34,be.vlaanderen.bodemenondergrond.data.id.concept.kleur.34,collection:kleur,34,oranje,,,,,,,,,,,,,conceptscheme:kleur,,,,,,,conceptscheme:kleur
concept:359,be.vlaanderen.bodemenondergrond.data.id.concept.kleur.359,collection:kleur,359,oranjebeige,,,,,,,,,,,,,conceptscheme:kleur,,,,,,,conceptscheme:kleur
concept:360,be.vlaanderen.bodemenondergrond.data.id.concept.kleur.360,collection:kleur,360,oranjeblauw,,,,,,,,,,,,,conceptscheme:kleur,,,,,,,conceptscheme:kleur
concept:361,be.vlaanderen.bodemenondergrond.data.id.concept.kleur.361,collection:kleur,361,oranjebruin,,,,,,,,,,,,,conceptscheme:kleur,,,,,,,conceptscheme:kleur
concept:362,be.vlaanderen.bodemenondergrond.data.id.concept.kleur.362,collection:kleur,362,oranjegeel,,,,,,,,,,,,,conceptscheme:kleur,,,,,,,conceptscheme:kleur
concept:363,be.vlaanderen.bodemenondergrond.data.id.concept.kleur.363,collection:kleur,363,oranjegrijs,,,,,,,,,,,,,conceptscheme:kleur,,,,,,,conceptscheme:kleur
concept:364,be.vlaanderen.bodemenondergrond.data.id.concept.kleur.364,collection:kleur,364,oranjegroen,,,,,,,,,,,,,conceptscheme:kleur,,,,,,,conceptscheme:kleur
concept:365,be.vlaanderen.bodemenondergrond.data.id.concept.kleur.365,collection:kleur,365,oranjekaki,,,,,,,,,,,,,conceptscheme:kleur,,,,,,,conceptscheme:kleur
concept:366,be.vlaanderen.bodemenondergrond.data.id.concept.kleur.366,collection:kleur,366,oranjemauve,,,,,,,,,,,,,conceptscheme:kleur,,,,,,,conceptscheme:kleur
concept:367,be.vlaanderen.bodemenondergrond.data.id.concept.kleur.367,collection:kleur,367,oranjeoker,,,,,,,,,,,,,conceptscheme:kleur,,,,,,,conceptscheme:kleur
concept:368,be.vlaanderen.bodemenondergrond.data.id.concept.kleur.368,collection:kleur,368,oranjeolijfgroen,,,,,,,,,,,,,conceptscheme:kleur,,,,,,,conceptscheme:kleur
concept:369,be.vlaanderen.bodemenondergrond.data.id.concept.kleur.369,collection:kleur,369,oranjeoranje,,,,,,,,,,,,,conceptscheme:kleur,,,,,,,conceptscheme:kleur
concept:370,be.vlaanderen.bodemenondergrond.data.id.concept.kleur.370,collection:kleur,370,oranjeroest,,,,,,,,,,,,,conceptscheme:kleur,,,,,,,conceptscheme:kleur
concept:371,be.vlaanderen.bodemenondergrond.data.id.concept.kleur.371,collection:kleur,371,oranjerood,,,,,,,,,,,,,conceptscheme:kleur,,,,,,,conceptscheme:kleur
concept:372,be.vlaanderen.bodemenondergrond.data.id.concept.kleur.372,collection:kleur,372,oranjeroos,,,,,,,,,,,,,conceptscheme:kleur,,,,,,,conceptscheme:kleur
concept:423,be.vlaanderen.bodemenondergrond.data.id.concept.kleur.423,collection:kleur,423,oranjewit,,,,,,,,,,,,,conceptscheme:kleur,,,,,,,conceptscheme:kleur
concept:472,be.vlaanderen.bodemenondergrond.data.id.concept.kleur.472,collection:kleur,472,paarsbruin,,,,,,,,,,,,,conceptscheme:kleur,,,,,,,conceptscheme:kleur
concept:7,be.vlaanderen.bodemenondergrond.data.id.concept.kleur.7,collection:kleur,7,roest,,,,,,,,,,,,,conceptscheme:kleur,,,,,,,conceptscheme:kleur
concept:373,be.vlaanderen.bodemenondergrond.data.id.concept.kleur.373,collection:kleur,373,roestbeige,,,,,,,,,,,,,conceptscheme:kleur,,,,,,,conceptscheme:kleur
concept:374,be.vlaanderen.bodemenondergrond.data.id.concept.kleur.374,collection:kleur,374,roestblauw,,,,,,,,,,,,,conceptscheme:kleur,,,,,,,conceptscheme:kleur
concept:375,be.vlaanderen.bodemenondergrond.data.id.concept.kleur.375,collection:kleur,375,roestbruin,,,,,,,,,,,,,conceptscheme:kleur,,,,,,,conceptscheme:kleur
concept:376,be.vlaanderen.bodemenondergrond.data.id.concept.kleur.376,collection:kleur,376,roestgeel,,,,,,,,,,,,,conceptscheme:kleur,,,,,,,conceptscheme:kleur
concept:377,be.vlaanderen.bodemenondergrond.data.id.concept.kleur.377,collection:kleur,377,roestgrijs,,,,,,,,,,,,,conceptscheme:kleur,,,,,,,conceptscheme:kleur
concept:378,be.vlaanderen.bodemenondergrond.data.id.concept.kleur.378,collection:kleur,378,roestgroen,,,,,,,,,,,,,conceptscheme:kleur,,,,,,,conceptscheme:kleur
concept:379,be.vlaanderen.bodemenondergrond.data.id.concept.kleur.379,collection:kleur,379,roestkaki,,,,,,,,,,,,,conceptscheme:kleur,,,,,,,conceptscheme:kleur
concept:380,be.vlaanderen.bodemenondergrond.data.id.concept.kleur.380,collection:kleur,380,roestmauve,,,,,,,,,,,,,conceptscheme:kleur,,,,,,,conceptscheme:kleur
concept:381,be.vlaanderen.bodemenondergrond.data.id.concept.kleur.381,collection:kleur,381,roestoker,,,,,,,,,,,,,conceptscheme:kleur,,,,,,,conceptscheme:kleur
concept:382,be.vlaanderen.bodemenondergrond.data.id.concept.kleur.382,collection:kleur,382,roestolijfgroen,,,,,,,,,,,,,conceptscheme:kleur,,,,,,,conceptscheme:kleur
concept:383,be.vlaanderen.bodemenondergrond.data.id.concept.kleur.383,collection:kleur,383,roestoranje,,,,,,,,,,,,,conceptscheme:kleur,,,,,,,conceptscheme:kleur
concept:384,be.vlaanderen.bodemenondergrond.data.id.concept.kleur.384,collection:kleur,384,roestroest,,,,,,,,,,,,,conceptscheme:kleur,,,,,,,conceptscheme:kleur
concept:385,be.vlaanderen.bodemenondergrond.data.id.concept.kleur.385,collection:kleur,385,roestrood,,,,,,,,,,,,,conceptscheme:kleur,,,,,,,conceptscheme:kleur
concept:386,be.vlaanderen.bodemenondergrond.data.id.concept.kleur.386,collection:kleur,386,roestroos,,,,,,,,,,,,,conceptscheme:kleur,,,,,,,conceptscheme:kleur
concept:424,be.vlaanderen.bodemenondergrond.data.id.concept.kleur.424,collection:kleur,424,roestwit,,,,,,,,,,,,,conceptscheme:kleur,,,,,,,conceptscheme:kleur
concept:437,be.vlaanderen.bodemenondergrond.data.id.concept.kleur.437,collection:kleur,437,roestzwart,,,,,,,,,,,,,conceptscheme:kleur,,,,,,,conceptscheme:kleur
concept:8,be.vlaanderen.bodemenondergrond.data.id.concept.kleur.8,collection:kleur,8,rood,,,,,,,,,,,,,conceptscheme:kleur,,,,,,,conceptscheme:kleur
concept:387,be.vlaanderen.bodemenondergrond.data.id.concept.kleur.387,collection:kleur,387,roodbeige,,,,,,,,,,,,,conceptscheme:kleur,,,,,,,conceptscheme:kleur
concept:388,be.vlaanderen.bodemenondergrond.data.id.concept.kleur.388,collection:kleur,388,roodblauw,,,,,,,,,,,,,conceptscheme:kleur,,,,,,,conceptscheme:kleur
concept:29,be.vlaanderen.bodemenondergrond.data.id.concept.kleur.29,collection:kleur,29,roodbruin,,,,,,,,,,,,,conceptscheme:kleur,,,,,,,conceptscheme:kleur
concept:390,be.vlaanderen.bodemenondergrond.data.id.concept.kleur.390,collection:kleur,390,roodgeel,,,,,,,,,,,,,conceptscheme:kleur,,,,,,,conceptscheme:kleur
concept:391,be.vlaanderen.bodemenondergrond.data.id.concept.kleur.391,collection:kleur,391,roodgrijs,,,,,,,,,,,,,conceptscheme:kleur,,,,,,,conceptscheme:kleur
concept:392,be.vlaanderen.bodemenondergrond.data.id.concept.kleur.392,collection:kleur,392,roodgroen,,,,,,,,,,,,,conceptscheme:kleur,,,,,,,conceptscheme:kleur
concept:393,be.vlaanderen.bodemenondergrond.data.id.concept.kleur.393,collection:kleur,393,roodkaki,,,,,,,,,,,,,conceptscheme:kleur,,,,,,,conceptscheme:kleur
concept:394,be.vlaanderen.bodemenondergrond.data.id.concept.kleur.394,collection:kleur,394,roodmauve,,,,,,,,,,,,,conceptscheme:kleur,,,,,,,conceptscheme:kleur
concept:395,be.vlaanderen.bodemenondergrond.data.id.concept.kleur.395,collection:kleur,395,roodoker,,,,,,,,,,,,,conceptscheme:kleur,,,,,,,conceptscheme:kleur
concept:396,be.vlaanderen.bodemenondergrond.data.id.concept.kleur.396,collection:kleur,396,roodolijfgroen,,,,,,,,,,,,,conceptscheme:kleur,,,,,,,conceptscheme:kleur
concept:397,be.vlaanderen.bodemenondergrond.data.id.concept.kleur.397,collection:kleur,397,roodoranje,,,,,,,,,,,,,conceptscheme:kleur,,,,,,,conceptscheme:kleur
concept:398,be.vlaanderen.bodemenondergrond.data.id.concept.kleur.398,collection:kleur,398,roodroest,,,,,,,,,,,,,conceptscheme:kleur,,,,,,,conceptscheme:kleur
concept:399,be.vlaanderen.bodemenondergrond.data.id.concept.kleur.399,collection:kleur,399,roodroos,,,,,,,,,,,,,conceptscheme:kleur,,,,,,,conceptscheme:kleur
concept:425,be.vlaanderen.bodemenondergrond.data.id.concept.kleur.425,collection:kleur,425,roodwit,,,,,,,,,,,,,conceptscheme:kleur,,,,,,,conceptscheme:kleur
concept:438,be.vlaanderen.bodemenondergrond.data.id.concept.kleur.438,collection:kleur,438,roodzwart,,,,,,,,,,,,,conceptscheme:kleur,,,,,,,conceptscheme:kleur
concept:31,be.vlaanderen.bodemenondergrond.data.id.concept.kleur.31,collection:kleur,31,roos,,,,,,,,,,,,,conceptscheme:kleur,,,,,,,conceptscheme:kleur
concept:400,be.vlaanderen.bodemenondergrond.data.id.concept.kleur.400,collection:kleur,400,roosbeige,,,,,,,,,,,,,conceptscheme:kleur,,,,,,,conceptscheme:kleur
concept:401,be.vlaanderen.bodemenondergrond.data.id.concept.kleur.401,collection:kleur,401,roosblauw,,,,,,,,,,,,,conceptscheme:kleur,,,,,,,conceptscheme:kleur
concept:402,be.vlaanderen.bodemenondergrond.data.id.concept.kleur.402,collection:kleur,402,roosbruin,,,,,,,,,,,,,conceptscheme:kleur,,,,,,,conceptscheme:kleur
concept:403,be.vlaanderen.bodemenondergrond.data.id.concept.kleur.403,collection:kleur,403,roosgeel,,,,,,,,,,,,,conceptscheme:kleur,,,,,,,conceptscheme:kleur
concept:404,be.vlaanderen.bodemenondergrond.data.id.concept.kleur.404,collection:kleur,404,roosgrijs,,,,,,,,,,,,,conceptscheme:kleur,,,,,,,conceptscheme:kleur
concept:405,be.vlaanderen.bodemenondergrond.data.id.concept.kleur.405,collection:kleur,405,roosgroen,,,,,,,,,,,,,conceptscheme:kleur,,,,,,,conceptscheme:kleur
concept:406,be.vlaanderen.bodemenondergrond.data.id.concept.kleur.406,collection:kleur,406,rooskaki,,,,,,,,,,,,,conceptscheme:kleur,,,,,,,conceptscheme:kleur
concept:407,be.vlaanderen.bodemenondergrond.data.id.concept.kleur.407,collection:kleur,407,roosmauve,,,,,,,,,,,,,conceptscheme:kleur,,,,,,,conceptscheme:kleur
concept:408,be.vlaanderen.bodemenondergrond.data.id.concept.kleur.408,collection:kleur,408,roosoker,,,,,,,,,,,,,conceptscheme:kleur,,,,,,,conceptscheme:kleur
concept:409,be.vlaanderen.bodemenondergrond.data.id.concept.kleur.409,collection:kleur,409,roosolijfgroen,,,,,,,,,,,,,conceptscheme:kleur,,,,,,,conceptscheme:kleur
concept:410,be.vlaanderen.bodemenondergrond.data.id.concept.kleur.410,collection:kleur,410,roosoranje,,,,,,,,,,,,,conceptscheme:kleur,,,,,,,conceptscheme:kleur
concept:411,be.vlaanderen.bodemenondergrond.data.id.concept.kleur.411,collection:kleur,411,roosroest,,,,,,,,,,,,,conceptscheme:kleur,,,,,,,conceptscheme:kleur
concept:412,be.vlaanderen.bodemenondergrond.data.id.concept.kleur.412,collection:kleur,412,roosrood,,,,,,,,,,,,,conceptscheme:kleur,,,,,,,conceptscheme:kleur
concept:426,be.vlaanderen.bodemenondergrond.data.id.concept.kleur.426,collection:kleur,426,rooswit,,,,,,,,,,,,,conceptscheme:kleur,,,,,,,conceptscheme:kleur
concept:439,be.vlaanderen.bodemenondergrond.data.id.concept.kleur.439,collection:kleur,439,rooszwart,,,,,,,,,,,,,conceptscheme:kleur,,,,,,,conceptscheme:kleur
concept:9,be.vlaanderen.bodemenondergrond.data.id.concept.kleur.9,collection:kleur,9,wit,,,,,,,,,,,,,conceptscheme:kleur,,,,,,,conceptscheme:kleur
concept:444,be.vlaanderen.bodemenondergrond.data.id.concept.kleur.444,collection:kleur,444,witbeige,,,,,,,,,,,,,conceptscheme:kleur,,,,,,,conceptscheme:kleur
concept:445,be.vlaanderen.bodemenondergrond.data.id.concept.kleur.445,collection:kleur,445,witblauw,,,,,,,,,,,,,conceptscheme:kleur,,,,,,,conceptscheme:kleur
concept:446,be.vlaanderen.bodemenondergrond.data.id.concept.kleur.446,collection:kleur,446,witbruin,,,,,,,,,,,,,conceptscheme:kleur,,,,,,,conceptscheme:kleur
concept:447,be.vlaanderen.bodemenondergrond.data.id.concept.kleur.447,collection:kleur,447,witgeel,,,,,,,,,,,,,conceptscheme:kleur,,,,,,,conceptscheme:kleur
concept:448,be.vlaanderen.bodemenondergrond.data.id.concept.kleur.448,collection:kleur,448,witgrijs,,,,,,,,,,,,,conceptscheme:kleur,,,,,,,conceptscheme:kleur
concept:449,be.vlaanderen.bodemenondergrond.data.id.concept.kleur.449,collection:kleur,449,witgroen,,,,,,,,,,,,,conceptscheme:kleur,,,,,,,conceptscheme:kleur
concept:450,be.vlaanderen.bodemenondergrond.data.id.concept.kleur.450,collection:kleur,450,witkaki,,,,,,,,,,,,,conceptscheme:kleur,,,,,,,conceptscheme:kleur
concept:451,be.vlaanderen.bodemenondergrond.data.id.concept.kleur.451,collection:kleur,451,witmauve,,,,,,,,,,,,,conceptscheme:kleur,,,,,,,conceptscheme:kleur
concept:452,be.vlaanderen.bodemenondergrond.data.id.concept.kleur.452,collection:kleur,452,witoker,,,,,,,,,,,,,conceptscheme:kleur,,,,,,,conceptscheme:kleur
concept:453,be.vlaanderen.bodemenondergrond.data.id.concept.kleur.453,collection:kleur,453,witolijfgroen,,,,,,,,,,,,,conceptscheme:kleur,,,,,,,conceptscheme:kleur
concept:454,be.vlaanderen.bodemenondergrond.data.id.concept.kleur.454,collection:kleur,454,witoranje,,,,,,,,,,,,,conceptscheme:kleur,,,,,,,conceptscheme:kleur
concept:455,be.vlaanderen.bodemenondergrond.data.id.concept.kleur.455,collection:kleur,455,witroest,,,,,,,,,,,,,conceptscheme:kleur,,,,,,,conceptscheme:kleur
concept:456,be.vlaanderen.bodemenondergrond.data.id.concept.kleur.456,collection:kleur,456,witrood,,,,,,,,,,,,,conceptscheme:kleur,,,,,,,conceptscheme:kleur
concept:457,be.vlaanderen.bodemenondergrond.data.id.concept.kleur.457,collection:kleur,457,witroos,,,,,,,,,,,,,conceptscheme:kleur,,,,,,,conceptscheme:kleur
concept:10,be.vlaanderen.bodemenondergrond.data.id.concept.kleur.10,collection:kleur,10,zwart,,,,,,,,,,,,,conceptscheme:kleur,,,,,,,conceptscheme:kleur
concept:458,be.vlaanderen.bodemenondergrond.data.id.concept.kleur.458,collection:kleur,458,zwartbeige,,,,,,,,,,,,,conceptscheme:kleur,,,,,,,conceptscheme:kleur
concept:459,be.vlaanderen.bodemenondergrond.data.id.concept.kleur.459,collection:kleur,459,zwartblauw,,,,,,,,,,,,,conceptscheme:kleur,,,,,,,conceptscheme:kleur
concept:460,be.vlaanderen.bodemenondergrond.data.id.concept.kleur.460,collection:kleur,460,zwartbruin,,,,,,,,,,,,,conceptscheme:kleur,,,,,,,conceptscheme:kleur
concept:461,be.vlaanderen.bodemenondergrond.data.id.concept.kleur.461,collection:kleur,461,zwartgeel,,,,,,,,,,,,,conceptscheme:kleur,,,,,,,conceptscheme:kleur
concept:462,be.vlaanderen.bodemenondergrond.data.id.concept.kleur.462,collection:kleur,462,zwartgrijs,,,,,,,,,,,,,conceptscheme:kleur,,,,,,,conceptscheme:kleur
concept:463,be.vlaanderen.bodemenondergrond.data.id.concept.kleur.463,collection:kleur,463,zwartgroen,,,,,,,,,,,,,conceptscheme:kleur,,,,,,,conceptscheme:kleur
concept:464,be.vlaanderen.bodemenondergrond.data.id.concept.kleur.464,collection:kleur,464,zwartkaki,,,,,,,,,,,,,conceptscheme:kleur,,,,,,,conceptscheme:kleur
concept:465,be.vlaanderen.bodemenondergrond.data.id.concept.kleur.465,collection:kleur,465,zwartmauve,,,,,,,,,,,,,conceptscheme:kleur,,,,,,,conceptscheme:kleur
concept:466,be.vlaanderen.bodemenondergrond.data.id.concept.kleur.466,collection:kleur,466,zwartoker,,,,,,,,,,,,,conceptscheme:kleur,,,,,,,conceptscheme:kleur
concept:467,be.vlaanderen.bodemenondergrond.data.id.concept.kleur.467,collection:kleur,467,zwartolijfgroen,,,,,,,,,,,,,conceptscheme:kleur,,,,,,,conceptscheme:kleur
concept:468,be.vlaanderen.bodemenondergrond.data.id.concept.kleur.468,collection:kleur,468,zwartoranje,,,,,,,,,,,,,conceptscheme:kleur,,,,,,,conceptscheme:kleur
concept:469,be.vlaanderen.bodemenondergrond.data.id.concept.kleur.469,collection:kleur,469,zwartroest,,,,,,,,,,,,,conceptscheme:kleur,,,,,,,conceptscheme:kleur
concept:470,be.vlaanderen.bodemenondergrond.data.id.concept.kleur.470,collection:kleur,470,zwartrood,,,,,,,,,,,,,conceptscheme:kleur,,,,,,,conceptscheme:kleur
concept:471,be.vlaanderen.bodemenondergrond.data.id.concept.kleur.471,collection:kleur,471,zwartroos,,,,,,,,,,,,,conceptscheme:kleur,,,,,,,conceptscheme:kleur
concept:474,be.vlaanderen.bodemenondergrond.data.id.concept.kleur.474,collection:kleur,474,zwartwit,,,,,,,,,,,,,conceptscheme:kleur,,,,,,,conceptscheme:kleur
conceptscheme:kleur,be.vlaanderen.bodemenondergrond.data.id.conceptscheme.kleur,,,Lijst van kleuren,,,,,,,,,,,,,,,,,,,,
